{"version":"v6.5.0","modules":[{"title":"About these Docs","name":"documentation"},{"title":"Usage & Example","name":"synopsis"},{"title":"Assertion Testing","name":"assert"},{"title":"Buffer","name":"buffer"},{"title":"C/C++ Addons","name":"addons"},{"title":"Child Processes","name":"child_process"},{"title":"Cluster","name":"cluster"},{"title":"Command Line Options","name":"cli"},{"title":"Console","name":"console"},{"title":"Crypto","name":"crypto"},{"title":"Debugger","name":"debugger"},{"title":"DNS","name":"dns"},{"title":"Domain","name":"domain"},{"title":"Errors","name":"errors"},{"title":"Events","name":"events"},{"title":"File System","name":"fs"},{"title":"Globals","name":"globals"},{"title":"HTTP","name":"http"},{"title":"HTTPS","name":"https"},{"title":"Modules","name":"modules"},{"title":"Net","name":"net"},{"title":"OS","name":"os"},{"title":"Path","name":"path"},{"title":"Process","name":"process"},{"title":"Punycode","name":"punycode"},{"title":"Query Strings","name":"querystring"},{"title":"Readline","name":"readline"},{"title":"REPL","name":"repl"},{"title":"Stream","name":"stream"},{"title":"String Decoder","name":"string_decoder"},{"title":"Timers","name":"timers"},{"title":"TLS/SSL","name":"tls"},{"title":"TTY","name":"tty"},{"title":"UDP/Datagram","name":"dgram"},{"title":"URL","name":"url"},{"title":"Utilities","name":"util"},{"title":"V8","name":"v8"},{"title":"VM","name":"vm"},{"title":"ZLIB","name":"zlib"}]}